{
  "affected": {
    "defaultBase": "main"
  },
  "targetDefaults": {
    "build": {
      "dependsOn": [
        "^build"
      ],
      "cache": true,
      "inputs": [
        "production",
        "^production"
      ]
    },
    "lint": {
      "cache": true
    },
    "test": {
      "cache": true
    },
    "e2e": {
      "cache": true
    }
  },
  "workspaceLayout": {
    "appsDir": "apps",
    "libsDir": "libs"
  },
  "namedInputs": {
    "default": [
      "{projectRoot}/**/*",
      "sharedGlobals"
    ],
    "sharedGlobals": [],
    "production": [
      "default"
    ]
  }
}
