{
  "$schema": "../node_modules/@allianz/taly-sdk/schemas/pages-json.schema.json",
  "libraries": [
    {
      "package": "@allianz/building-blocks",
      "version": "next"
    }
  ],
  "pages": [
    {
      "id": "my-page-a",
      "title": {
        "showAsStage": true,
        "headline": "My Page A",
        "subline": "Topline text",
        "startImage": "assets/small-stage-image-start.svg",
        "endImage": "assets/small-stage-image-end.svg",
        "narrowImage": "assets/small-stage-image-narrow-screen.svg"
      },
      "blocks": [
        {
          "id": "placeholder-a",
          "selector": "bb-placeholder",
          "module": "PlaceholderModule",
          "package": "@allianz/building-blocks"
        }
      ]
    },
    {
      "id": "my-page-b",
      "title": {
        "showAsStage": true,
        "headline": "My page B",
        "subline": "with some text but only an end image",
        "endImage": "assets/small-stage-image-end.svg",
        "narrowImage": "assets/small-stage-image-narrow-screen.svg"
      },
      "blocks": [
        {
          "id": "placeholder-b",
          "selector": "bb-placeholder",
          "module": "PlaceholderModule",
          "package": "@allianz/building-blocks"
        },
        {
          "id": "placeholder-c",
          "selector": "bb-placeholder",
          "module": "PlaceholderModule",
          "package": "@allianz/building-blocks"
        }
      ],
      "pageData": {
        "pageActionConfig": {
          "nextButtonLabel": "Continue",
          "backButtonLabel": "Cancel"
        }
      }
    },
    {
      "id": "my-page-c",
      "title": "My page C",
      "blocks": [
        {
          "id": "placeholder-d",
          "selector": "bb-placeholder",
          "module": "PlaceholderModule",
          "package": "@allianz/building-blocks"
        }
      ]
    }
  ],
  "frame": {
    "navigation": {
      "sections": [
        {
          "label": "The first part",
          "id": "section-a",
          "pages": [
            "my-page-a",
            "my-page-b"
          ]
        },
        {
          "label": "The last part",
          "id": "section-b",
          "pages": [
            "my-page-c"
          ]
        }
      ]
    },
    "footer": {
      "copyright": "Allianz 2022",
      "links": [
        {
          "label": "Imprint",
          "path": "/",
          "external": false
        },
        {
          "label": "Privacy Policy",
          "path": "#",
          "external": true
        },
        {
          "label": "Terms of Use",
          "path": "#",
          "external": true
        }
      ]
    },
    "chromeless": false
  }
}
