{
  "pagesConfiguration": [
    {
      "pageId": "my-page-a",
      "myPageAPageConfig": {},
      "hideBackButton": true
    },
    {
      "pageId": "my-page-b",
      "myPageBPageConfig": {}
    },
    {
      "pageId": "my-page-c",
      "myPageCPageConfig": {},
      "hideNextButton": true
    }
  ],
  "navConfiguration": {
    "pages": [
      {
        "pageId": "my-page-a",
        "nextOptionList": [
          {
            "nextPageId": "my-page-b"
          }
        ]
      },
      {
        "pageId": "my-page-b",
        "backOptionList": [
          {
            "nextPageId": "my-page-a"
          }
        ],
        "nextOptionList": [
          {
            "nextPageId": "my-page-c"
          }
        ]
      },
      {
        "pageId": "my-page-c",
        "backOptionList": [
          {
            "nextPageId": "my-page-b"
          }
        ]
      }
    ]
  },
  "appConfiguration": {
    "pfeConfig": {
      "validationErrorStateKey": "validationErrorData",
      "backButtonLabel": "Back",
      "nextButtonLabel": "Next"
    }
  }
}
