{
  "$schema": "../../../node_modules/@allianz/taly-sdk/schemas/pages-json.schema.json",
  "libraries": [{ "package": "my-building-blocks", "version": "latest" }],
  "title": "My journey",
  "description": "My meaningful description for my-journey",
  "pages": [
    {
      "id": "first-page",
      "title": "First page",
      "bannerBlock": {
        "id": "my-banner",
        "selector": "bb-r-banner",
        "module": "RBannerModule",
        "package": "my-building-blocks",
        "buildingBlockStyle": {
          "backgroundColor": "rebeccapurple"
        }
      },
      "overarchingDetailsBlock": {
        "id": "my-overarching-details",
        "selector": "bb-r-my-building-block",
        "module": "RMyBuildingBlockModule",
        "package": "my-building-blocks",
        "resources": {
          "title": "Overarching Details"
        }
      },
      "blocks": [
        {
          "id": "my-bb-a",
          "selector": "bb-r-my-building-block",
          "module": "RMyBuildingBlockModule",
          "package": "my-building-blocks"
        }
      ],
      "pageData": { "pageActionConfig": { "backButtonHidden": true } }
    },
    {
      "id": "second-page",
      "title": "Second page",
      "blocks": [
        {
          "id": "my-bb-b",
          "selector": "bb-r-my-building-block",
          "module": "RMyBuildingBlockModule",
          "package": "my-building-blocks"
        }
      ],
      "pageData": { "pageActionConfig": { "nextButtonHidden": true } }
    }
  ],
  "frame": {
    "navigation": {
      "sections": [
        {
          "id": "section-1",
          "label": "First section",
          "pages": ["first-page"]
        },
        {
          "id": "section-2",
          "label": "Second section",
          "pages": ["second-page"]
        }
      ]
    },
    "footer": { "links": [] }
  }
}
