{
  "$schema": "../../node_modules/@allianz/taly-sdk/schemas/pages-json.schema.json",
  "title": "My TALY Application",
  "libraries": [{ "package": "@allianz/building-blocks", "version": "latest" }],
  "pages": [
    {
      "id": "my-page-a",
      "title": {
        "headline": "Headline text with some extra words that will eventually break into multiple lines",
        "showAsStage": true,
        "startImage": "assets/images/small-stage-image-start.svg",
        "endImage": "assets/images/small-stage-image-end.svg",
        "narrowImage": "assets/images/small-stage-image-narrow-screen.svg",
        "topline": "Topline text"
      },
      "panels": [
        {
          "title": "Collapsed panel",
          "id": "collapsed-panel",
          "collapsed": true
        },
        {
          "id": "extra-light-panel",
          "title": "my extra light panel",
          "style": "EXTRA-LIGHT"
        },
        { "id": "light-panel", "title": "my light panel", "style": "LIGHT" },
        { "id": "regular-panel", "title": "my unstyled panel" }
      ],
      "blocks": [
        {
          "id": "my-block",
          "selector": "bb-placeholder",
          "package": "@allianz/building-blocks",
          "module": "PlaceholderModule"
        },
        {
          "id": "my-panel-block",
          "selector": "bb-placeholder",
          "package": "@allianz/building-blocks",
          "module": "PlaceholderModule",
          "panel": "collapsed-panel"
        },
        {
          "id": "my-sidebar-block",
          "selector": "bb-placeholder",
          "package": "@allianz/building-blocks",
          "module": "PlaceholderModule",
          "sidebar": true
        },
        {
          "id": "my-retail-only-block",
          "selector": "bb-placeholder",
          "package": "@allianz/building-blocks",
          "module": "PlaceholderModule",
          "aclTag": "retail-only"
        },
        {
          "id": "my-regular-panel-block",
          "selector": "bb-placeholder",
          "package": "@allianz/building-blocks",
          "module": "PlaceholderModule",
          "panel": "regular-panel"
        },
        {
          "id": "my-light-panel-block",
          "selector": "bb-placeholder",
          "package": "@allianz/building-blocks",
          "module": "PlaceholderModule",
          "panel": "light-panel"
        },
        {
          "id": "my-extra-light-panel-block",
          "selector": "bb-placeholder",
          "package": "@allianz/building-blocks",
          "module": "PlaceholderModule",
          "panel": "extra-light-panel"
        }
      ],
      "pageData": {
        "navigation": { "hidden": false },
        "pageActionConfig": {
          "nextButtonLabel": "Continue",
          "backButtonHidden": true
        }
      }
    },
    {
      "id": "my-page-b",
      "title": {
        "headline": "Nothing is better than Page B",
        "showAsStage": true,
        "endImage": "assets/images/small-stage-image-end.svg",
        "narrowImage": "assets/images/small-stage-image-narrow-screen.svg"
      },
      "blocks": [],
      "pageData": { "pageActionConfig": { "nextButtonLabel": "Continue" } }
    },
    {
      "id": "my-page-c",
      "title": {
        "headline": "Page C is good",
        "showAsStage": true,
        "topline": "Really good"
      },
      "blocks": [],
      "pageData": {
        "navigation": { "hidden": false },
        "pageActionConfig": { "nextButtonLabel": "Continue" }
      }
    },
    {
      "id": "my-page-d",
      "title": "My page D",
      "blocks": [
        {
          "id": "my-block",
          "selector": "bb-placeholder",
          "package": "@allianz/building-blocks",
          "module": "PlaceholderModule"
        }
      ],
      "pageData": { "pageActionConfig": { "nextButtonHidden": true } }
    }
  ],
  "frame": {
    "navigation": {
      "sections": [
        {
          "id": "my-first-section",
          "label": "My First Section",
          "pages": ["my-page-a"]
        },
        {
          "id": "my-second-section",
          "label": "My Second Section",
          "pages": ["my-page-b", "my-page-c"]
        },
        {
          "id": "my-last-section",
          "label": "My Last Section",
          "pages": ["my-page-d"]
        }
      ]
    },
    "footer": {
      "copyright": "Allianz 2021",
      "links": [{ "label": "Contact Us", "path": "#", "external": true }]
    },
    "chromeless": true
  }
}
