{
  "$schema": "../../../../node_modules/@allianz/taly-sdk/schemas/pages-json.schema.json",
  "title": "My TALY Application",
  "libraries": [
    {
      "package": "@allianz/building-blocks",
      "version": "latest"
    }
  ],
  "pages": [
    {
      "id": "my-page-a",
      "title": "My page A",
      "panels": [
        {
          "title": "Collapsed panel",
          "id": "collapsed-panel",
          "collapsed": true
        },
        {
          "id": "extra-light-panel",
          "title": "my extra light panel",
          "style": "EXTRA-LIGHT"
        },
        {
          "id": "light-panel",
          "title": "my light panel",
          "style": "LIGHT"
        },
        {
          "id": "regular-panel",
          "title": "my unstyled panel"
        }
      ],
      "blocks": [
        {
          "id": "my-block",
          "selector": "bb-placeholder",
          "package": "@allianz/building-blocks",
          "module": "PlaceholderModule"
        },
        {
          "id": "my-panel-block",
          "selector": "bb-placeholder",
          "package": "@allianz/building-blocks",
          "module": "PlaceholderModule",
          "panel": "collapsed-panel"
        },
        {
          "id": "my-sidebar-block",
          "selector": "bb-placeholder",
          "package": "@allianz/building-blocks",
          "module": "PlaceholderModule",
          "sidebar": true
        },
        {
          "id": "my-retail-only-block",
          "selector": "bb-placeholder",
          "package": "@allianz/building-blocks",
          "module": "PlaceholderModule",
          "aclTag": "retail-only"
        },
        {
          "id": "my-regular-panel-block",
          "selector": "bb-placeholder",
          "package": "@allianz/building-blocks",
          "module": "PlaceholderModule",
          "panel": "regular-panel"
        },
        {
          "id": "my-light-panel-block",
          "selector": "bb-placeholder",
          "package": "@allianz/building-blocks",
          "module": "PlaceholderModule",
          "panel": "light-panel"
        },
        {
          "id": "my-extra-light-panel-block",
          "selector": "bb-placeholder",
          "package": "@allianz/building-blocks",
          "module": "PlaceholderModule",
          "panel": "extra-light-panel"
        }
      ],
      "pageData": {
        "stage": {
          "headline": "Headline text with some extra words that will eventually break into multiple lines",
          "subHeadline": "Topline text",
          "startImage": "assets/images/small-stage-image-start.svg",
          "endImage": "assets/images/small-stage-image-end.svg",
          "narrowImage": "assets/images/small-stage-image-narrow-screen.svg"
        },
        "navigation": {
          "hidden": false
        },
        "pageActionConfig": {
          "nextButtonLabel": "Continue",
          "backButtonHidden": true
        }
      }
    },
    {
      "id": "my-page-b",
      "title": "My page B",
      "blocks": [],
      "pageData": {
        "stage": {
          "headline": "Nothing is better than Page B",
          "endImage": "assets/images/small-stage-image-end.svg",
          "narrowImage": "assets/images/small-stage-image-narrow-screen.svg"
        },
        "pageActionConfig": {
          "nextButtonLabel": "Continue"
        }
      }
    },
    {
      "id": "my-page-c",
      "title": "My page C",
      "blocks": [],
      "pageData": {
        "stage": {
          "headline": "Page C is good",
          "subHeadline": "Really good"
        },
        "navigation": {
          "hidden": false
        }
      }
    },
    {
      "id": "my-page-d",
      "title": "My page D",
      "blocks": [
        {
          "id": "my-block",
          "selector": "bb-placeholder",
          "package": "@allianz/building-blocks",
          "module": "PlaceholderModule"
        }
      ],
      "pageData": {
        "pageActionConfig": {
          "nextButtonHidden": true
        }
      }
    }
  ],
  "frame": {
    "navigation": {
      "sections": [
        {
          "id": "my-first-section",
          "label": "My First Section",
          "pages": ["my-page-a"]
        },
        {
          "id": "my-second-section",
          "label": "My Second Section",
          "pages": ["my-page-b", "my-page-c"]
        },
        {
          "id": "my-last-section",
          "label": "My Last Section",
          "pages": ["my-page-d"]
        }
      ]
    },
    "footer": {
      "copyright": "Allianz 2021",
      "links": [
        {
          "label": "Contact Us",
          "path": "#",
          "external": true
        }
      ]
    },
    "chromeless": true
  }
}
