{
  "$schema": "../../node_modules/@allianz/taly-sdk/schemas/pages-json.schema.json",
  "libraries": [
    {
      "package": "@allianz/taly-oauth",
      "version": "latest"
    }
  ],
  "plugins": [
    {
      "package": "@allianz/taly-oauth/pfe",
      "modules": [
        {
          "name": "OauthPfeIntegrationModule",
          "options": {
            "configurations": [
              {
                "default": true,
                "name": "mock-auth",
                "authorizeUrl": "http://localhost:4000/authorize",
                "clientId": "U2q7XvFIBJVSlL3QIJ1ARjiIN4DZc9j9",
                "scope": "openid offline_access",
                "tokenUrl": "http://localhost:4000/token",
                "appTokenUrl": "http://localhost:5500/token",
                "serviceActivatorEndpoint": "",
                "bffBaseUrl": "http://localhost:3000",
                "endSessionUrl": "http://localhost:4000/end_session",
                "revokeUrl": "http://localhost:4000/revoke"
              }
            ]
          }
        }
      ]
    }
  ],
  "pages": [
    {
      "id": "login",
      "title": "Login",
      "blocks": [
        {
          "id": "bb-login",
          "selector": "bb-login",
          "module": "LoginModule",
          "package": "local-bbs"
        }
      ],
      "pageData": {
        "pageActionConfig": {
          "backButtonHidden": true
        }
      }
    },
    {
      "id": "token",
      "title": "Token",
      "blocks": [
        {
          "id": "bb-oauth-token",
          "selector": "bb-oauth-token",
          "module": "TokenModule",
          "package": "local-bbs",
          "resources": {
            "code": {
              "type": "PFE_STORE_QUERY",
              "query": "$.oauth.code"
            },
            "state": {
              "type": "PFE_STORE_QUERY",
              "query": "$.oauth.state"
            },
            "accessToken": {
              "type": "PFE_STORE_QUERY",
              "query": "$.oauth.accessToken"
            },
            "idToken": {
              "type": "PFE_STORE_QUERY",
              "query": "$.oauth.idToken"
            },
            "refreshToken": {
              "type": "PFE_STORE_QUERY",
              "query": "$.oauth.refreshToken"
            }
          }
        }
      ],
      "pageData": {
        "pageActionConfig": {
          "backButtonHidden": true
        }
      }
    },
    {
      "id": "use-token",
      "title": "Use token",
      "blocks": [
        {
          "id": "secret-message",
          "selector": "bb-secret-message",
          "module": "SecretMessageModule",
          "package": "local-bbs",
          "resources": {
            "message": {
              "type": "PFE_STORE_QUERY",
              "query": "$.secret.message"
            }
          }
        }
      ],
      "pageData": {
        "pageActionConfig": {
          "nextButtonLabel": "Logout"
        }
      }
    },
    {
      "id": "logout",
      "blocks": [
        {
          "id": "logout",
          "selector": "bb-logout",
          "module": "LogoutModule",
          "package": "local-bbs"
        }
      ],
      "pageData": {
        "pageActionConfig": {
          "backButtonHidden": true
        }
      }
    }
  ],
  "frame": {
    "navigation": {
      "sections": [
        {
          "id": "token",
          "label": "Show token",
          "pages": ["token"]
        },
        {
          "id": "use-token",
          "label": "Use token",
          "pages": ["use-token"]
        }
      ]
    }
  }
}
