{
  "navConfiguration": {
    "firstPage": {
      "nextOptionList": [
        {
          "nextPageId": "token",
          "conditions": [
            {
              "value1Expression": "$.oauth.code"
            }
          ]
        },
        {
          "nextPageId": "login"
        }
      ]
    },
    "errorPageID": "login",
    "pages": [
      {
        "pageId": "login",
        "onPageLeaveActions": [
          {
            "type": "OAUTH_AUTHORIZE"
          }
        ],
        "nextOptionList": [
          {
            "nextPageId": "token"
          }
        ]
      },
      {
        "pageId": "token",
        "allowDirectNavigationWithoutState": true,
        "onPageEnterActions": [
          {
            "type": "OAUTH_GET_TOKEN",
            "conditions": [
              {
                "value1Expression": "$.oauth.code"
              }
            ]
          }
        ],
        "nextOptionList": [
          {
            "nextPageId": "use-token"
          }
        ],
        "backOptionList": [
          {
            "nextPageId": "login"
          }
        ]
      },
      {
        "pageId": "use-token",
        "nextOptionList": [
          {
            "nextPageId": "logout"
          }
        ],
        "onPageEnterServiceActivators": [
          {
            "path": "secret",
            "serviceActivatorMethod": "GET",
            "responseDataMapping": [
              {
                "responseDataExpression": "$.message",
                "stateKeyExpression": "$.secret.message"
              }
            ]
          }
        ]
      },
      {
        "pageId": "logout",
        "nextOptionList": [
          {
            "nextPageId": "login"
          }
        ],
        "onPageEnterActions": [
          {
            "type": "OAUTH_LOGOUT"
          }
        ]
      }
    ]
  },
  "appConfiguration": {
    "pfeConfig": {
      "validationErrorStateKey": "validationErrorData",
      "urlParametersInState": [
        {
          "key": "code",
          "stateKeyExpression": "$.oauth.code"
        },
        {
          "key": "state",
          "stateKeyExpression": "$.oauth.state"
        }
      ]
    }
  }
}
